name,surname,patronymic,birth_date,classId
Юрий,Петухов,Фёдорович,2011-06-11, 9
Юрий,Петухов,Маркович,2004-04-11, 30
Юрий,Петухов,Тимофеевич,2015-07-12, 21
Юрий,Петухов,Юрьевич,2017-03-30, 23
Юрий,Петухов,Андреевич,2007-10-28, 15
Юрий,Петухов,Михайлович,2005-07-31, 4
Юрий,Петухов,Давидович,2005-09-08, 2
Юрий,Петухов,Васильевич,2018-01-05, 23
Юрий,Петухов,Гордеевич,2012-10-28, 27
Юрий,Петухов,Робертович,2003-08-04, 27
Юрий,Петухов,Макарович,2020-03-02, 15
Юрий,Петухов,Ильич,2016-09-26, 5
Юрий,Петухов,Александрович,2009-05-22, 19
Юрий,Петухов,Макарович,2020-12-10, 28
Юрий,Петухов,Максимович,2020-09-03, 21
Юрий,Петухов,Святославович,2004-08-03, 17
Юрий,Петухов,Дмитриевич,2006-05-06, 14
Юрий,Петухов,Владиславович,2002-01-03, 4
Юрий,Петухов,Егорович,2020-03-04, 18
Юрий,Петухов,Ибрагимович,2004-06-15, 12
Юрий,Петухов,Максимович,2005-03-26, 6
Юрий,Петухов,Даниилович,2002-03-07, 34
Юрий,Петухов,Савельевич,2017-12-19, 4
Юрий,Петухов,Евгеньевич,2012-11-10, 23
Юрий,Петухов,Артёмович,2008-09-27, 31
Юрий,Петухов,Дмитриевич,2012-08-23, 33
Юрий,Петухов,Викторович,2004-07-21, 15
Юрий,Петухов,Андреевич,2004-12-19, 34
Юрий,Петухов,Романович,2012-09-24, 9
Юрий,Петухов,Матвеевич,2007-09-10, 28
Юрий,Петухов,Ильич,2019-06-03, 16
Юрий,Петухов,Ибрагимович,2019-02-04, 30
Юрий,Петухов,Максимович,2009-03-24, 25
Юрий,Петухов,Романович,2009-12-05, 11
Юрий,Петухов,Кириллович,2010-07-14, 32
Юрий,Петухов,Андреевич,2008-06-17, 13
Юрий,Петухов,Никитич,2015-01-31, 11
Юрий,Петухов,Викторович,2020-10-20, 4
Юрий,Петухов,Маркович,2013-12-29, 6
Юрий,Петухов,Иванович,2006-01-05, 30
Юрий,Петухов,Максимович,2015-07-21, 25
Юрий,Петухов,Петрович,2019-10-27, 31
Юрий,Петухов,Андреевич,2012-06-20, 6
Юрий,Петухов,Ярославович,2009-10-23, 12
Юрий,Петухов,Артёмович,2017-11-26, 20
Юрий,Петухов,Артёмович,2007-10-14, 25
Юрий,Петухов,Кириллович,2010-09-26, 20
Юрий,Петухов,Ярославович,2004-03-25, 14
Юрий,Петухов,Иванович,2018-10-21, 25
Юрий,Петухов,Романович,2017-05-10, 33
Юрий,Петухов,Владимирович,2001-06-05, 8
Юрий,Петухов,Дмитриевич,2017-06-25, 28
Юрий,Петухов,Петрович,2001-12-21, 31
Юрий,Петухов,Павлович,2017-03-15, 13
Юрий,Петухов,Александрович,2019-10-27, 10
Юрий,Петухов,Арсентьевич,2005-08-29, 3
Юрий,Петухов,Филиппович,2015-05-20, 7
Юрий,Петухов,Иванович,2020-05-11, 10
Юрий,Петухов,Кириллович,2015-07-07, 5
Юрий,Петухов,Родионович,2015-01-21, 8
Юрий,Петухов,Ярославович,2010-02-02, 20
Юрий,Петухов,Маркович,2019-01-22, 5
Юрий,Петухов,Георгиевич,2018-05-13, 19
Юрий,Петухов,Адамович,2007-11-07, 33
Юрий,Петухов,Мирославович,2001-11-02, 14
Юрий,Петухов,Юрьевич,2003-07-17, 14
Юрий,Петухов,Леонидович,2017-12-11, 19
Юрий,Петухов,Эмирович,2019-10-20, 31
Юрий,Петухов,Владимирович,2009-03-08, 34
Юрий,Петухов,Давидович,2019-05-05, 11
Юрий,Петухов,Тимурович,2010-01-03, 16
Юрий,Петухов,Тимофеевич,2018-08-29, 6
Юрий,Петухов,Львович,2009-08-07, 27
Юрий,Петухов,Денисович,2020-09-02, 12
Юрий,Петухов,Ильич,2004-03-03, 5
Юрий,Петухов,Иванович,2002-08-10, 15
Юрий,Петухов,Григорьевич,2017-01-19, 26
Юрий,Петухов,Артёмович,2009-05-30, 22
Юрий,Петухов,Ильич,2019-06-20, 33
Юрий,Петухов,Тигранович,2017-02-11, 7
Юрий,Петухов,Романович,2008-05-22, 3
Юрий,Петухов,Вячеславович,2016-10-06, 31
Юрий,Петухов,Вячеславович,2016-12-02, 27
Юрий,Петухов,Святославович,2005-06-25, 16
Юрий,Петухов,Евгеньевич,2013-04-21, 21
Юрий,Петухов,Тимофеевич,2003-06-07, 9
Юрий,Петухов,Степанович,2007-11-29, 5
Юрий,Петухов,Максимович,2016-09-30, 10
Юрий,Петухов,Сергеевич,2008-12-15, 26
Юрий,Петухов,Михайлович,2012-12-11, 15
Юрий,Петухов,Константинович,2019-06-26, 11
Юрий,Петухов,Владимирович,2016-08-01, 29
Юрий,Петухов,Григорьевич,2002-03-13, 28
Юрий,Петухов,Александрович,2009-08-03, 26
Юрий,Петухов,Денисович,2019-10-30, 30
Юрий,Петухов,Иванович,2013-11-08, 29
Юрий,Петухов,Ильич,2019-11-04, 33
Юрий,Петухов,Матвеевич,2008-07-31, 17
Юрий,Петухов,Сергеевич,2008-10-05, 10
Юрий,Петухов,Никитич,2017-06-08, 33
Юрий,Петухов,Артёмович,2019-11-05, 5
Юрий,Петухов,Артёмович,2004-01-02, 27
Юрий,Петухов,Глебович,2002-08-21, 28
Юрий,Петухов,Ярославович,2002-08-07, 28
Юрий,Петухов,Владиславович,2006-10-16, 2
Юрий,Петухов,Миронович,2007-06-21, 33
Юрий,Петухов,Иванович,2018-06-01, 10
Юрий,Петухов,Сергеевич,2015-11-15, 32
Юрий,Петухов,Алиевич,2018-08-22, 26
Юрий,Петухов,Максимович,2018-12-10, 18
Юрий,Петухов,Андреевич,2008-07-16, 13
Юрий,Петухов,Дмитриевич,2004-08-23, 5
Юрий,Петухов,Николаевич,2003-08-09, 21
Юрий,Петухов,Тихонович,2005-11-29, 10
Юрий,Петухов,Денисович,2019-01-04, 22
Юрий,Петухов,Григорьевич,2012-10-15, 29
Юрий,Петухов,Васильевич,2013-10-19, 11
Юрий,Петухов,Макарович,2010-09-06, 28
Юрий,Петухов,Ярославович,2011-02-27, 24
Юрий,Петухов,Вячеславович,2004-11-04, 23
Юрий,Петухов,Фёдорович,2016-10-25, 33
Юрий,Петухов,Михайлович,2007-01-14, 14
Юрий,Петухов,Платонович,2005-02-21, 3
Юрий,Петухов,Александрович,2001-12-27, 25
Юрий,Петухов,Иванович,2019-06-07, 27
Юрий,Петухов,Данилович,2018-11-30, 34
Юрий,Петухов,Кириллович,2008-07-06, 21
Юрий,Петухов,Даниэльевич,2015-05-21, 31
Юрий,Петухов,Миронович,2005-03-23, 23
Юрий,Петухов,Антонович,2013-02-05, 27
Юрий,Петухов,Кириллович,2010-09-11, 4
Юрий,Петухов,Никитич,2009-08-13, 11
Юрий,Петухов,Александрович,2019-10-17, 4
Юрий,Петухов,Арсентьевич,2011-01-03, 8
Юрий,Петухов,Владиславович,2019-10-18, 12
Юрий,Петухов,Елисеевич,2005-07-22, 3
Юрий,Петухов,Иванович,2001-03-11, 2
Юрий,Петухов,Михайлович,2008-03-26, 24
Юрий,Петухов,Максимович,2016-01-25, 30
Юрий,Петухов,Маркович,2013-10-11, 16
Юрий,Петухов,Владимирович,2001-10-24, 25
Юрий,Петухов,Львович,2001-10-05, 6
Юрий,Петухов,Павлович,2008-03-18, 9
Юрий,Петухов,Александрович,2006-07-10, 3
Юрий,Петухов,Глебович,2016-05-28, 6
Юрий,Петухов,Владимирович,2011-10-08, 29
Юрий,Петухов,Александрович,2003-01-22, 8
Юрий,Петухов,Сергеевич,2009-02-20, 14
Юрий,Петухов,Тимофеевич,2011-08-26, 5
Юрий,Петухов,Константинович,2019-07-02, 33
Юрий,Петухов,Михайлович,2012-04-17, 11
Юрий,Петухов,Дмитриевич,2005-11-30, 23
Юрий,Петухов,Дмитриевич,2013-10-25, 20
Юрий,Петухов,Максимович,2017-06-21, 5
Юрий,Петухов,Алексеевич,2002-08-30, 18
Юрий,Петухов,Александрович,2006-09-21, 34
Юрий,Петухов,Миронович,2008-01-29, 30
Юрий,Петухов,Тимофеевич,2015-09-01, 8
Юрий,Петухов,Ярославович,2002-01-23, 19
Юрий,Петухов,Сергеевич,2014-04-29, 11
Юрий,Петухов,Антонович,2006-07-21, 34
Юрий,Петухов,Данилович,2008-09-22, 4
Юрий,Петухов,Романович,2015-06-20, 11
Юрий,Петухов,Артёмович,2011-10-26, 9
Юрий,Петухов,Елисеевич,2008-05-26, 25
Юрий,Петухов,Тимофеевич,2009-07-05, 34
Юрий,Петухов,Владиславович,2004-10-02, 14
Юрий,Петухов,Тимофеевич,2020-09-27, 26
Юрий,Петухов,Маркович,2018-02-07, 23
Юрий,Петухов,Глебович,2017-12-16, 16
Юрий,Петухов,Петрович,2014-03-18, 27
Юрий,Петухов,Дмитриевич,2016-05-27, 7
Юрий,Петухов,Артемьевич,2015-10-31, 15
Юрий,Петухов,Даниилович,2001-11-12, 27
Юрий,Петухов,Антонович,2020-06-02, 27
Юрий,Петухов,Андреевич,2009-11-18, 27
Юрий,Петухов,Маркович,2004-01-31, 4
Юрий,Петухов,Кириллович,2003-09-12, 30
Юрий,Петухов,Владимирович,2007-05-10, 20
Юрий,Петухов,Евгеньевич,2008-07-21, 15
Юрий,Петухов,Семёнович,2013-06-27, 30
Юрий,Петухов,Андреевич,2020-02-25, 29
Юрий,Петухов,Иванович,2006-06-06, 5
Юрий,Петухов,Михайлович,2015-05-10, 27
Юрий,Петухов,Денисович,2012-09-14, 8
Юрий,Петухов,Макарович,2012-01-29, 23
Юрий,Петухов,Маркович,2004-06-22, 34
Юрий,Петухов,Артёмович,2010-02-23, 5
Юрий,Петухов,Михайлович,2014-07-29, 13
Юрий,Петухов,Львович,2014-06-15, 32
Юрий,Петухов,Львович,2011-12-04, 22
Юрий,Петухов,Дмитриевич,2006-01-31, 34
Юрий,Петухов,Иванович,2010-03-12, 26
Юрий,Петухов,Максимович,2015-04-08, 9
Юрий,Петухов,Егорович,2017-12-01, 32
Юрий,Петухов,Романович,2006-12-03, 27
Юрий,Петухов,Александрович,2007-03-26, 30
Юрий,Петухов,Артёмович,2014-04-05, 29
Юрий,Петухов,Леонидович,2006-12-29, 31
Юрий,Петухов,Иванович,2010-12-26, 15
Юрий,Селезнев,Фёдорович,2001-12-31, 33
Юрий,Селезнев,Маркович,2016-07-03, 6
Юрий,Селезнев,Тимофеевич,2019-04-28, 22
Юрий,Селезнев,Юрьевич,2004-08-18, 20
Юрий,Селезнев,Андреевич,2018-10-11, 10
Юрий,Селезнев,Михайлович,2004-04-21, 8
Юрий,Селезнев,Давидович,2019-10-29, 34
Юрий,Селезнев,Васильевич,2019-09-22, 6
Юрий,Селезнев,Гордеевич,2012-06-04, 21
Юрий,Селезнев,Робертович,2004-07-21, 10
Юрий,Селезнев,Макарович,2009-08-22, 30
Юрий,Селезнев,Ильич,2001-11-26, 26
Юрий,Селезнев,Александрович,2004-03-31, 9
Юрий,Селезнев,Макарович,2020-10-20, 25
Юрий,Селезнев,Максимович,2019-09-10, 15
Юрий,Селезнев,Святославович,2013-12-09, 9
Юрий,Селезнев,Дмитриевич,2017-08-24, 34
Юрий,Селезнев,Владиславович,2008-07-29, 7
Юрий,Селезнев,Егорович,2008-07-20, 33
Юрий,Селезнев,Ибрагимович,2013-12-31, 9
Юрий,Селезнев,Максимович,2019-06-20, 4
Юрий,Селезнев,Даниилович,2020-02-02, 20
Юрий,Селезнев,Савельевич,2016-09-22, 19
Юрий,Селезнев,Евгеньевич,2010-05-16, 5
Юрий,Селезнев,Артёмович,2016-08-05, 10
Юрий,Селезнев,Дмитриевич,2002-04-14, 11
Юрий,Селезнев,Викторович,2014-01-07, 2
Юрий,Селезнев,Андреевич,2002-04-01, 26
Юрий,Селезнев,Романович,2006-10-08, 7
Юрий,Селезнев,Матвеевич,2003-02-07, 6
Юрий,Селезнев,Ильич,2011-11-28, 20
Юрий,Селезнев,Ибрагимович,2006-02-05, 20
Юрий,Селезнев,Максимович,2012-06-02, 29
Юрий,Селезнев,Романович,2014-02-28, 11
Юрий,Селезнев,Кириллович,2004-07-12, 14
Юрий,Селезнев,Андреевич,2006-08-05, 12
Юрий,Селезнев,Никитич,2018-09-02, 21
Юрий,Селезнев,Викторович,2015-03-23, 25
Юрий,Селезнев,Маркович,2006-02-01, 32
Юрий,Селезнев,Иванович,2001-07-24, 13
Юрий,Селезнев,Максимович,2006-06-12, 13
Юрий,Селезнев,Петрович,2006-11-17, 30
Юрий,Селезнев,Андреевич,2002-08-05, 12
Юрий,Селезнев,Ярославович,2007-04-24, 4
Юрий,Селезнев,Артёмович,2017-11-01, 4
Юрий,Селезнев,Артёмович,2007-08-09, 29
Юрий,Селезнев,Кириллович,2011-09-21, 20
Юрий,Селезнев,Ярославович,2014-02-23, 28
Юрий,Селезнев,Иванович,2010-02-03, 23
Юрий,Селезнев,Романович,2006-11-05, 7
Юрий,Селезнев,Владимирович,2015-06-21, 11
Юрий,Селезнев,Дмитриевич,2008-03-02, 11
Юрий,Селезнев,Петрович,2017-12-04, 21
Юрий,Селезнев,Павлович,2017-03-10, 31
Юрий,Селезнев,Александрович,2012-01-19, 14
Юрий,Селезнев,Арсентьевич,2020-03-08, 19
Юрий,Селезнев,Филиппович,2008-11-04, 3
Юрий,Селезнев,Иванович,2011-09-21, 8
Юрий,Селезнев,Кириллович,2005-10-26, 10
Юрий,Селезнев,Родионович,2004-06-25, 23
Юрий,Селезнев,Ярославович,2011-05-22, 6
Юрий,Селезнев,Маркович,2005-08-22, 31
Юрий,Селезнев,Георгиевич,2018-05-10, 19
Юрий,Селезнев,Адамович,2010-06-01, 16
Юрий,Селезнев,Мирославович,2010-01-12, 20
Юрий,Селезнев,Юрьевич,2006-04-02, 20
Юрий,Селезнев,Леонидович,2009-07-06, 33
Юрий,Селезнев,Эмирович,2015-10-04, 19
Юрий,Селезнев,Владимирович,2009-07-05, 4
Юрий,Селезнев,Давидович,2009-10-10, 26
Юрий,Селезнев,Тимурович,2006-02-10, 22
Юрий,Селезнев,Тимофеевич,2009-02-18, 6
Юрий,Селезнев,Львович,2001-04-13, 32
Юрий,Селезнев,Денисович,2010-07-27, 5
Юрий,Селезнев,Ильич,2008-10-26, 16
Юрий,Селезнев,Иванович,2013-04-10, 15
Юрий,Селезнев,Григорьевич,2003-07-23, 33
Юрий,Селезнев,Артёмович,2006-10-30, 7
Юрий,Селезнев,Ильич,2012-03-05, 13
Юрий,Селезнев,Тигранович,2013-10-29, 30
Юрий,Селезнев,Романович,2012-10-27, 26
Юрий,Селезнев,Вячеславович,2013-12-27, 34
Юрий,Селезнев,Вячеславович,2014-10-27, 2
Юрий,Селезнев,Святославович,2001-01-11, 17
Юрий,Селезнев,Евгеньевич,2019-12-28, 30
Юрий,Селезнев,Тимофеевич,2004-05-01, 27
Юрий,Селезнев,Степанович,2015-07-31, 10
Юрий,Селезнев,Максимович,2004-05-05, 8
Юрий,Селезнев,Сергеевич,2013-06-14, 8
Юрий,Селезнев,Михайлович,2013-07-25, 19
Юрий,Селезнев,Константинович,2011-06-29, 7
Юрий,Селезнев,Владимирович,2007-03-03, 18
Юрий,Селезнев,Григорьевич,2014-02-11, 4
Юрий,Селезнев,Александрович,2004-01-30, 30
Юрий,Селезнев,Денисович,2006-12-04, 33
Юрий,Селезнев,Иванович,2012-03-25, 22
Юрий,Селезнев,Ильич,2009-01-31, 8
Юрий,Селезнев,Матвеевич,2007-02-23, 21
Юрий,Селезнев,Сергеевич,2002-03-19, 14
Юрий,Селезнев,Никитич,2004-02-09, 8
Юрий,Селезнев,Артёмович,2004-02-28, 32
Юрий,Селезнев,Артёмович,2004-08-14, 22
Юрий,Селезнев,Глебович,2018-12-03, 19
Юрий,Селезнев,Ярославович,2013-08-08, 7
Юрий,Селезнев,Владиславович,2010-08-16, 33
Юрий,Селезнев,Миронович,2006-12-18, 3
Юрий,Селезнев,Иванович,2005-07-07, 18
Юрий,Селезнев,Сергеевич,2006-02-25, 25
Юрий,Селезнев,Алиевич,2001-03-13, 3
Юрий,Селезнев,Максимович,2011-11-10, 17
Юрий,Селезнев,Андреевич,2002-01-15, 22
Юрий,Селезнев,Дмитриевич,2015-10-16, 24
Юрий,Селезнев,Николаевич,2014-05-06, 11
Юрий,Селезнев,Тихонович,2016-03-24, 2
Юрий,Селезнев,Денисович,2011-08-09, 25
Юрий,Селезнев,Григорьевич,2008-06-02, 18
Юрий,Селезнев,Васильевич,2009-12-26, 26
Юрий,Селезнев,Макарович,2008-03-01, 11
Юрий,Селезнев,Ярославович,2008-11-30, 20
Юрий,Селезнев,Вячеславович,2004-11-26, 32
Юрий,Селезнев,Фёдорович,2014-06-09, 10
Юрий,Селезнев,Михайлович,2015-08-19, 25
Юрий,Селезнев,Платонович,2012-05-03, 16
Юрий,Селезнев,Александрович,2008-12-10, 10
Юрий,Селезнев,Иванович,2008-07-24, 13
Юрий,Селезнев,Данилович,2019-09-27, 14
Юрий,Селезнев,Кириллович,2017-06-05, 8
Юрий,Селезнев,Даниэльевич,2014-08-25, 20
Юрий,Селезнев,Миронович,2012-02-25, 16
Юрий,Селезнев,Антонович,2012-02-21, 27
Юрий,Селезнев,Кириллович,2001-04-10, 34
Юрий,Селезнев,Никитич,2009-12-11, 11
Юрий,Селезнев,Александрович,2013-07-08, 15
Юрий,Селезнев,Арсентьевич,2004-02-05, 19
Юрий,Селезнев,Владиславович,2003-08-08, 31
Юрий,Селезнев,Елисеевич,2018-12-27, 31
Юрий,Селезнев,Иванович,2003-02-15, 24
Юрий,Селезнев,Михайлович,2002-09-29, 25
Юрий,Селезнев,Максимович,2002-12-23, 5
Юрий,Селезнев,Маркович,2002-08-05, 22
Юрий,Селезнев,Владимирович,2018-07-17, 7
Юрий,Селезнев,Львович,2009-05-19, 6
Юрий,Селезнев,Павлович,2004-07-23, 7
Юрий,Селезнев,Александрович,2001-06-26, 2
Юрий,Селезнев,Глебович,2017-12-17, 14
Юрий,Селезнев,Владимирович,2015-11-16, 24
Юрий,Селезнев,Александрович,2001-04-19, 5
Юрий,Селезнев,Сергеевич,2020-12-14, 17
Юрий,Селезнев,Тимофеевич,2002-10-02, 4
Юрий,Селезнев,Константинович,2015-12-10, 20
Юрий,Селезнев,Михайлович,2006-03-12, 10
Юрий,Селезнев,Дмитриевич,2012-03-28, 23
Юрий,Селезнев,Дмитриевич,2005-09-29, 16
Юрий,Селезнев,Максимович,2001-02-16, 21
Юрий,Селезнев,Алексеевич,2018-02-03, 3
Юрий,Селезнев,Александрович,2002-05-14, 11
Юрий,Селезнев,Миронович,2007-08-14, 18
Юрий,Селезнев,Тимофеевич,2013-04-27, 17
Юрий,Селезнев,Ярославович,2014-06-05, 10
Юрий,Селезнев,Сергеевич,2018-05-26, 5
Юрий,Селезнев,Антонович,2014-04-13, 3
Юрий,Селезнев,Данилович,2014-11-17, 21
Юрий,Селезнев,Романович,2019-06-30, 5
Юрий,Селезнев,Артёмович,2008-04-26, 22
Юрий,Селезнев,Елисеевич,2013-09-14, 15
Юрий,Селезнев,Тимофеевич,2016-01-16, 18
Юрий,Селезнев,Владиславович,2018-08-30, 22
Юрий,Селезнев,Тимофеевич,2003-12-22, 13
Юрий,Селезнев,Маркович,2012-07-09, 4
Юрий,Селезнев,Глебович,2008-08-28, 29
Юрий,Селезнев,Петрович,2015-04-18, 10
Юрий,Селезнев,Дмитриевич,2007-05-09, 13
Юрий,Селезнев,Артемьевич,2020-08-04, 22
Юрий,Селезнев,Даниилович,2006-08-02, 17
Юрий,Селезнев,Антонович,2009-03-22, 25
Юрий,Селезнев,Андреевич,2010-09-28, 22
Юрий,Селезнев,Маркович,2002-06-22, 10
Юрий,Селезнев,Кириллович,2012-07-28, 25
Юрий,Селезнев,Владимирович,2006-02-06, 32
Юрий,Селезнев,Евгеньевич,2018-09-18, 26
Юрий,Селезнев,Семёнович,2010-09-18, 34
Юрий,Селезнев,Андреевич,2008-06-07, 18
Юрий,Селезнев,Иванович,2004-01-23, 12
Юрий,Селезнев,Михайлович,2012-09-30, 15
Юрий,Селезнев,Денисович,2013-03-03, 23
Юрий,Селезнев,Макарович,2020-01-31, 31
Юрий,Селезнев,Маркович,2014-09-29, 31
Юрий,Селезнев,Артёмович,2019-10-08, 30
Юрий,Селезнев,Михайлович,2014-07-19, 28
Юрий,Селезнев,Львович,2003-08-06, 18
Юрий,Селезнев,Львович,2009-03-16, 9
Юрий,Селезнев,Дмитриевич,2005-03-31, 21
Юрий,Селезнев,Иванович,2011-08-01, 27
Юрий,Селезнев,Максимович,2002-12-20, 16
Юрий,Селезнев,Егорович,2002-08-25, 17
Юрий,Селезнев,Романович,2016-10-03, 23
Юрий,Селезнев,Александрович,2005-04-14, 6
Юрий,Селезнев,Артёмович,2003-04-27, 10
Юрий,Селезнев,Леонидович,2004-07-16, 21
Юрий,Селезнев,Иванович,2008-04-19, 30
Юрий,Коновалов,Фёдорович,2020-12-05, 6
Юрий,Коновалов,Маркович,2003-07-06, 34
Юрий,Коновалов,Тимофеевич,2010-09-25, 11
Юрий,Коновалов,Юрьевич,2019-05-16, 34
Юрий,Коновалов,Андреевич,2010-03-05, 9
Юрий,Коновалов,Михайлович,2009-07-01, 30
Юрий,Коновалов,Давидович,2002-04-15, 15
Юрий,Коновалов,Васильевич,2001-08-22, 34
Юрий,Коновалов,Гордеевич,2018-11-16, 20
Юрий,Коновалов,Робертович,2006-12-22, 28
Юрий,Коновалов,Макарович,2009-01-27, 13
Юрий,Коновалов,Ильич,2008-08-17, 15
Юрий,Коновалов,Александрович,2013-08-29, 20
Юрий,Коновалов,Макарович,2010-04-10, 21
Юрий,Коновалов,Максимович,2006-06-20, 29
Юрий,Коновалов,Святославович,2002-05-10, 22
Юрий,Коновалов,Дмитриевич,2012-01-14, 16
Юрий,Коновалов,Владиславович,2018-11-16, 20
Юрий,Коновалов,Егорович,2002-08-14, 23
Юрий,Коновалов,Ибрагимович,2008-01-01, 28
Юрий,Коновалов,Максимович,2014-02-07, 18
Юрий,Коновалов,Даниилович,2005-11-11, 3
Юрий,Коновалов,Савельевич,2005-08-21, 32
Юрий,Коновалов,Евгеньевич,2005-04-11, 23
Юрий,Коновалов,Артёмович,2002-06-30, 17
Юрий,Коновалов,Дмитриевич,2017-02-16, 16
Юрий,Коновалов,Викторович,2020-08-05, 13
Юрий,Коновалов,Андреевич,2015-09-02, 8
Юрий,Коновалов,Романович,2009-12-01, 25
Юрий,Коновалов,Матвеевич,2014-11-13, 5
Юрий,Коновалов,Ильич,2001-06-17, 4
Юрий,Коновалов,Ибрагимович,2020-10-15, 23
Юрий,Коновалов,Максимович,2005-03-15, 9
Юрий,Коновалов,Романович,2002-12-17, 23
Юрий,Коновалов,Кириллович,2017-01-25, 6
Юрий,Коновалов,Андреевич,2007-07-03, 31
Юрий,Коновалов,Никитич,2006-05-22, 3
Юрий,Коновалов,Викторович,2019-10-13, 29
Юрий,Коновалов,Маркович,2016-04-17, 6
Юрий,Коновалов,Иванович,2015-05-24, 22
Юрий,Коновалов,Максимович,2006-08-22, 30
Юрий,Коновалов,Петрович,2013-12-12, 10
Юрий,Коновалов,Андреевич,2018-03-31, 26
Юрий,Коновалов,Ярославович,2008-10-26, 14
Юрий,Коновалов,Артёмович,2011-02-03, 24
Юрий,Коновалов,Артёмович,2012-01-22, 15
Юрий,Коновалов,Кириллович,2015-02-14, 10
Юрий,Коновалов,Ярославович,2008-03-03, 29
Юрий,Коновалов,Иванович,2013-04-13, 4
Юрий,Коновалов,Романович,2018-12-22, 25
Юрий,Коновалов,Владимирович,2003-10-14, 21
Юрий,Коновалов,Дмитриевич,2012-03-01, 34
Юрий,Коновалов,Петрович,2019-10-13, 30
Юрий,Коновалов,Павлович,2007-08-27, 14
Юрий,Коновалов,Александрович,2005-01-04, 30
Юрий,Коновалов,Арсентьевич,2003-11-26, 32
Юрий,Коновалов,Филиппович,2011-07-17, 5
Юрий,Коновалов,Иванович,2002-12-05, 2
Юрий,Коновалов,Кириллович,2005-12-01, 31
Юрий,Коновалов,Родионович,2009-07-21, 17
Юрий,Коновалов,Ярославович,2006-09-11, 20
Юрий,Коновалов,Маркович,2001-04-13, 13
Юрий,Коновалов,Георгиевич,2006-04-13, 21
Юрий,Коновалов,Адамович,2003-06-07, 7
Юрий,Коновалов,Мирославович,2017-11-08, 16
Юрий,Коновалов,Юрьевич,2003-02-02, 32
Юрий,Коновалов,Леонидович,2007-05-25, 17
Юрий,Коновалов,Эмирович,2009-06-21, 14
Юрий,Коновалов,Владимирович,2015-03-27, 33
Юрий,Коновалов,Давидович,2009-10-25, 31
Юрий,Коновалов,Тимурович,2013-04-12, 3
Юрий,Коновалов,Тимофеевич,2002-02-04, 21
Юрий,Коновалов,Львович,2018-08-09, 18
Юрий,Коновалов,Денисович,2012-10-02, 26
Юрий,Коновалов,Ильич,2004-06-17, 16
Юрий,Коновалов,Иванович,2013-06-20, 13
Юрий,Коновалов,Григорьевич,2008-06-09, 9
Юрий,Коновалов,Артёмович,2003-09-09, 24
Юрий,Коновалов,Ильич,2016-04-02, 13
Юрий,Коновалов,Тигранович,2010-11-11, 24
Юрий,Коновалов,Романович,2005-01-09, 11
Юрий,Коновалов,Вячеславович,2006-03-16, 8
Юрий,Коновалов,Вячеславович,2007-12-23, 29
Юрий,Коновалов,Святославович,2006-03-30, 9
Юрий,Коновалов,Евгеньевич,2014-06-04, 33
Юрий,Коновалов,Тимофеевич,2008-01-09, 6
Юрий,Коновалов,Степанович,2008-12-28, 15
Юрий,Коновалов,Максимович,2013-03-12, 13
Юрий,Коновалов,Сергеевич,2003-05-16, 27
Юрий,Коновалов,Михайлович,2018-02-08, 14
Юрий,Коновалов,Константинович,2004-10-06, 4
Юрий,Коновалов,Владимирович,2005-09-07, 4
Юрий,Коновалов,Григорьевич,2003-05-12, 24
Юрий,Коновалов,Александрович,2004-10-05, 7
Юрий,Коновалов,Денисович,2009-08-15, 22
Юрий,Коновалов,Иванович,2002-10-12, 16
Юрий,Коновалов,Ильич,2006-12-28, 14
Юрий,Коновалов,Матвеевич,2020-08-19, 13
Юрий,Коновалов,Сергеевич,2014-07-20, 12
Юрий,Коновалов,Никитич,2005-04-30, 2
Юрий,Коновалов,Артёмович,2009-06-12, 23
Юрий,Коновалов,Артёмович,2014-01-01, 3
Юрий,Коновалов,Глебович,2017-07-27, 24
Юрий,Коновалов,Ярославович,2019-05-25, 34
Юрий,Коновалов,Владиславович,2013-09-06, 16
Юрий,Коновалов,Миронович,2013-07-12, 31
Юрий,Коновалов,Иванович,2010-01-31, 6
Юрий,Коновалов,Сергеевич,2010-12-07, 7
Юрий,Коновалов,Алиевич,2014-12-30, 19
Юрий,Коновалов,Максимович,2010-01-31, 22
Юрий,Коновалов,Андреевич,2020-07-30, 18
Юрий,Коновалов,Дмитриевич,2010-04-27, 34
Юрий,Коновалов,Николаевич,2010-02-09, 11
Юрий,Коновалов,Тихонович,2013-01-01, 27
Юрий,Коновалов,Денисович,2018-10-13, 23
Юрий,Коновалов,Григорьевич,2001-01-03, 16
Юрий,Коновалов,Васильевич,2010-09-26, 28
Юрий,Коновалов,Макарович,2006-01-06, 2
Юрий,Коновалов,Ярославович,2012-04-02, 28
Юрий,Коновалов,Вячеславович,2004-04-10, 23
Юрий,Коновалов,Фёдорович,2010-10-17, 22
Юрий,Коновалов,Михайлович,2020-11-19, 24
Юрий,Коновалов,Платонович,2015-06-06, 21
Юрий,Коновалов,Александрович,2007-06-29, 3
Юрий,Коновалов,Иванович,2014-07-28, 34
Юрий,Коновалов,Данилович,2015-12-25, 27
Юрий,Коновалов,Кириллович,2019-01-26, 22
Юрий,Коновалов,Даниэльевич,2020-05-06, 16
Юрий,Коновалов,Миронович,2009-06-21, 5
Юрий,Коновалов,Антонович,2017-11-23, 17
Юрий,Коновалов,Кириллович,2017-07-08, 32
Юрий,Коновалов,Никитич,2016-02-21, 17
Юрий,Коновалов,Александрович,2016-07-29, 6
Юрий,Коновалов,Арсентьевич,2003-02-07, 23
Юрий,Коновалов,Владиславович,2007-05-21, 32
Юрий,Коновалов,Елисеевич,2016-03-07, 33
Юрий,Коновалов,Иванович,2005-11-14, 3
Юрий,Коновалов,Михайлович,2020-10-12, 5
Юрий,Коновалов,Максимович,2019-06-20, 12
Юрий,Коновалов,Маркович,2001-03-20, 4
Юрий,Коновалов,Владимирович,2008-07-17, 21
Юрий,Коновалов,Львович,2008-05-29, 29
Юрий,Коновалов,Павлович,2012-12-19, 9
Юрий,Коновалов,Александрович,2008-04-17, 31
Юрий,Коновалов,Глебович,2017-04-29, 19
Юрий,Коновалов,Владимирович,2015-03-10, 30
Юрий,Коновалов,Александрович,2019-07-19, 16
Юрий,Коновалов,Сергеевич,2007-10-06, 24
Юрий,Коновалов,Тимофеевич,2010-01-25, 15
Юрий,Коновалов,Константинович,2017-07-23, 6
Юрий,Коновалов,Михайлович,2010-11-22, 31
Юрий,Коновалов,Дмитриевич,2006-09-03, 8
Юрий,Коновалов,Дмитриевич,2012-07-18, 4
Юрий,Коновалов,Максимович,2010-06-13, 15
Юрий,Коновалов,Алексеевич,2004-01-07, 18
Юрий,Коновалов,Александрович,2017-09-15, 29
Юрий,Коновалов,Миронович,2020-07-03, 26
Юрий,Коновалов,Тимофеевич,2019-01-08, 2
Юрий,Коновалов,Ярославович,2017-08-25, 34
Юрий,Коновалов,Сергеевич,2011-09-18, 10
Юрий,Коновалов,Антонович,2014-07-16, 6
Юрий,Коновалов,Данилович,2008-07-25, 15
Юрий,Коновалов,Романович,2002-03-03, 10
Юрий,Коновалов,Артёмович,2020-04-12, 9
Юрий,Коновалов,Елисеевич,2004-03-25, 9
Юрий,Коновалов,Тимофеевич,2018-08-16, 23
Юрий,Коновалов,Владиславович,2003-10-04, 34
Юрий,Коновалов,Тимофеевич,2019-07-30, 20
Юрий,Коновалов,Маркович,2012-03-10, 11
Юрий,Коновалов,Глебович,2017-04-29, 4
Юрий,Коновалов,Петрович,2004-12-08, 2
Юрий,Коновалов,Дмитриевич,2013-08-07, 30
Юрий,Коновалов,Артемьевич,2018-10-15, 7
Юрий,Коновалов,Даниилович,2008-02-28, 17
Юрий,Коновалов,Антонович,2014-08-18, 22
Юрий,Коновалов,Андреевич,2001-02-24, 12
Юрий,Коновалов,Маркович,2017-12-02, 3
Юрий,Коновалов,Кириллович,2018-10-04, 24
Юрий,Коновалов,Владимирович,2008-07-15, 14
Юрий,Коновалов,Евгеньевич,2013-03-18, 18
Юрий,Коновалов,Семёнович,2005-08-04, 2
Юрий,Коновалов,Андреевич,2015-01-14, 5
Юрий,Коновалов,Иванович,2006-08-08, 32
Юрий,Коновалов,Михайлович,2013-11-11, 24
Юрий,Коновалов,Денисович,2020-05-16, 12
Юрий,Коновалов,Макарович,2019-03-26, 27
Юрий,Коновалов,Маркович,2019-01-21, 10
Юрий,Коновалов,Артёмович,2012-08-05, 18
Юрий,Коновалов,Михайлович,2015-04-12, 16
Юрий,Коновалов,Львович,2006-10-16, 28
Юрий,Коновалов,Львович,2009-06-02, 15
Юрий,Коновалов,Дмитриевич,2007-08-04, 8
Юрий,Коновалов,Иванович,2008-06-29, 22
Юрий,Коновалов,Максимович,2016-11-09, 20
Юрий,Коновалов,Егорович,2005-08-28, 33
Юрий,Коновалов,Романович,2009-02-13, 32
Юрий,Коновалов,Александрович,2012-12-21, 5
Юрий,Коновалов,Артёмович,2001-07-11, 7
Юрий,Коновалов,Леонидович,2009-09-03, 16
Юрий,Коновалов,Иванович,2012-02-26, 18
Юрий,Комаров,Фёдорович,2009-11-13, 18
Юрий,Комаров,Маркович,2017-04-04, 33
Юрий,Комаров,Тимофеевич,2007-05-03, 32
Юрий,Комаров,Юрьевич,2009-10-13, 27
Юрий,Комаров,Андреевич,2011-07-22, 3
Юрий,Комаров,Михайлович,2007-11-22, 15
Юрий,Комаров,Давидович,2002-12-25, 9
Юрий,Комаров,Васильевич,2005-10-08, 3
Юрий,Комаров,Гордеевич,2009-05-21, 20
Юрий,Комаров,Робертович,2019-07-31, 14
Юрий,Комаров,Макарович,2002-08-08, 5
Юрий,Комаров,Ильич,2007-08-01, 25
Юрий,Комаров,Александрович,2019-04-09, 7
Юрий,Комаров,Макарович,2005-07-24, 12
Юрий,Комаров,Максимович,2009-05-04, 6
Юрий,Комаров,Святославович,2015-11-04, 10
Юрий,Комаров,Дмитриевич,2012-06-24, 4
Юрий,Комаров,Владиславович,2008-03-25, 20
Юрий,Комаров,Егорович,2009-07-14, 32
Юрий,Комаров,Ибрагимович,2017-05-16, 19
Юрий,Комаров,Максимович,2018-09-11, 23
Юрий,Комаров,Даниилович,2004-12-17, 12
Юрий,Комаров,Савельевич,2013-05-27, 13
Юрий,Комаров,Евгеньевич,2013-09-17, 24
Юрий,Комаров,Артёмович,2016-03-04, 17
Юрий,Комаров,Дмитриевич,2006-03-11, 3
Юрий,Комаров,Викторович,2003-03-23, 19
Юрий,Комаров,Андреевич,2005-09-20, 15
Юрий,Комаров,Романович,2003-05-20, 18
Юрий,Комаров,Матвеевич,2004-04-21, 26
Юрий,Комаров,Ильич,2009-08-29, 9
Юрий,Комаров,Ибрагимович,2014-03-22, 2
Юрий,Комаров,Максимович,2019-01-05, 18
Юрий,Комаров,Романович,2016-07-26, 34
Юрий,Комаров,Кириллович,2005-01-06, 15
Юрий,Комаров,Андреевич,2018-10-30, 33
Юрий,Комаров,Никитич,2020-05-13, 19
Юрий,Комаров,Викторович,2018-11-29, 31
Юрий,Комаров,Маркович,2005-09-21, 2
Юрий,Комаров,Иванович,2016-11-09, 10
Юрий,Комаров,Максимович,2002-11-10, 6
Юрий,Комаров,Петрович,2020-10-28, 7
Юрий,Комаров,Андреевич,2012-06-12, 25
Юрий,Комаров,Ярославович,2001-08-18, 14
Юрий,Комаров,Артёмович,2014-02-28, 6
Юрий,Комаров,Артёмович,2019-05-28, 15
Юрий,Комаров,Кириллович,2009-01-04, 21
Юрий,Комаров,Ярославович,2016-04-20, 12
Юрий,Комаров,Иванович,2007-08-29, 12
Юрий,Комаров,Романович,2010-03-11, 26
Юрий,Комаров,Владимирович,2010-07-21, 33
Юрий,Комаров,Дмитриевич,2007-08-25, 14
Юрий,Комаров,Петрович,2020-08-28, 30
Юрий,Комаров,Павлович,2001-09-19, 10
Юрий,Комаров,Александрович,2005-08-22, 10
Юрий,Комаров,Арсентьевич,2020-12-12, 34
Юрий,Комаров,Филиппович,2014-04-12, 26
Юрий,Комаров,Иванович,2010-10-27, 21
Юрий,Комаров,Кириллович,2003-08-02, 9
Юрий,Комаров,Родионович,2009-09-24, 15
Юрий,Комаров,Ярославович,2013-10-10, 18
Юрий,Комаров,Маркович,2013-10-15, 27
Юрий,Комаров,Георгиевич,2011-02-19, 2
Юрий,Комаров,Адамович,2012-11-21, 13
Юрий,Комаров,Мирославович,2009-12-08, 20
Юрий,Комаров,Юрьевич,2014-02-07, 16
Юрий,Комаров,Леонидович,2008-11-03, 16
Юрий,Комаров,Эмирович,2006-03-23, 19
Юрий,Комаров,Владимирович,2002-10-02, 26
Юрий,Комаров,Давидович,2003-10-22, 26
Юрий,Комаров,Тимурович,2008-07-19, 27
Юрий,Комаров,Тимофеевич,2015-12-02, 30
Юрий,Комаров,Львович,2002-03-15, 2
Юрий,Комаров,Денисович,2001-06-29, 32
Юрий,Комаров,Ильич,2007-01-12, 16
Юрий,Комаров,Иванович,2008-02-07, 6
Юрий,Комаров,Григорьевич,2017-08-31, 10
Юрий,Комаров,Артёмович,2005-12-13, 4
Юрий,Комаров,Ильич,2014-09-09, 7
Юрий,Комаров,Тигранович,2005-10-28, 7
Юрий,Комаров,Романович,2020-05-15, 7
Юрий,Комаров,Вячеславович,2006-09-22, 15
Юрий,Комаров,Вячеславович,2017-12-25, 4
Юрий,Комаров,Святославович,2004-12-29, 6
Юрий,Комаров,Евгеньевич,2002-03-02, 18
Юрий,Комаров,Тимофеевич,2009-02-15, 16
Юрий,Комаров,Степанович,2011-11-21, 6
Юрий,Комаров,Максимович,2017-07-06, 26
Юрий,Комаров,Сергеевич,2013-07-10, 11
Юрий,Комаров,Михайлович,2015-04-08, 9
Юрий,Комаров,Константинович,2007-02-24, 16
Юрий,Комаров,Владимирович,2006-07-22, 28
Юрий,Комаров,Григорьевич,2003-12-23, 25
Юрий,Комаров,Александрович,2013-11-14, 6
Юрий,Комаров,Денисович,2020-08-14, 20
Юрий,Комаров,Иванович,2006-05-04, 5
Юрий,Комаров,Ильич,2017-08-17, 8
Юрий,Комаров,Матвеевич,2012-04-27, 34
Юрий,Комаров,Сергеевич,2013-11-17, 19
Юрий,Комаров,Никитич,2003-11-14, 5
Юрий,Комаров,Артёмович,2015-05-16, 15
Юрий,Комаров,Артёмович,2015-06-12, 11
Юрий,Комаров,Глебович,2012-10-09, 22
Юрий,Комаров,Ярославович,2010-10-05, 10
Юрий,Комаров,Владиславович,2006-10-24, 33
Юрий,Комаров,Миронович,2003-05-21, 8
Юрий,Комаров,Иванович,2007-02-21, 23
Юрий,Комаров,Сергеевич,2020-06-28, 17
Юрий,Комаров,Алиевич,2013-02-03, 21
Юрий,Комаров,Максимович,2002-10-01, 13
Юрий,Комаров,Андреевич,2016-06-18, 34
Юрий,Комаров,Дмитриевич,2018-10-13, 23
Юрий,Комаров,Николаевич,2016-01-03, 29
Юрий,Комаров,Тихонович,2006-03-16, 6
Юрий,Комаров,Денисович,2020-08-17, 15
Юрий,Комаров,Григорьевич,2008-07-03, 4
Юрий,Комаров,Васильевич,2004-11-23, 8
Юрий,Комаров,Макарович,2005-02-02, 25
Юрий,Комаров,Ярославович,2008-05-09, 15
Юрий,Комаров,Вячеславович,2017-03-25, 17
Юрий,Комаров,Фёдорович,2014-08-21, 3
Юрий,Комаров,Михайлович,2016-05-24, 2
Юрий,Комаров,Платонович,2020-09-25, 20
Юрий,Комаров,Александрович,2016-06-24, 34
Юрий,Комаров,Иванович,2007-07-25, 13
Юрий,Комаров,Данилович,2013-03-29, 27
Юрий,Комаров,Кириллович,2004-01-09, 16
Юрий,Комаров,Даниэльевич,2006-07-06, 8
Юрий,Комаров,Миронович,2001-08-30, 14
Юрий,Комаров,Антонович,2004-07-15, 15
Юрий,Комаров,Кириллович,2019-01-01, 25
Юрий,Комаров,Никитич,2008-06-05, 29
Юрий,Комаров,Александрович,2004-11-24, 19
Юрий,Комаров,Арсентьевич,2001-09-18, 33
Юрий,Комаров,Владиславович,2009-09-22, 19
Юрий,Комаров,Елисеевич,2017-04-24, 33
Юрий,Комаров,Иванович,2015-09-02, 12
Юрий,Комаров,Михайлович,2020-10-21, 31
Юрий,Комаров,Максимович,2016-03-03, 27
Юрий,Комаров,Маркович,2014-08-15, 29
Юрий,Комаров,Владимирович,2003-01-04, 20
Юрий,Комаров,Львович,2017-07-29, 5
Юрий,Комаров,Павлович,2013-11-01, 17
Юрий,Комаров,Александрович,2008-09-07, 25
Юрий,Комаров,Глебович,2005-09-24, 32
Юрий,Комаров,Владимирович,2003-10-27, 7
Юрий,Комаров,Александрович,2018-05-10, 7
Юрий,Комаров,Сергеевич,2013-10-08, 18
Юрий,Комаров,Тимофеевич,2001-10-12, 26
Юрий,Комаров,Константинович,2017-10-13, 12
Юрий,Комаров,Михайлович,2017-12-16, 3
Юрий,Комаров,Дмитриевич,2015-01-26, 29
Юрий,Комаров,Дмитриевич,2012-01-22, 11
Юрий,Комаров,Максимович,2018-05-27, 28
Юрий,Комаров,Алексеевич,2020-10-31, 28
Юрий,Комаров,Александрович,2013-12-02, 9
Юрий,Комаров,Миронович,2020-02-10, 14
Юрий,Комаров,Тимофеевич,2014-01-31, 24
Юрий,Комаров,Ярославович,2018-07-11, 23
Юрий,Комаров,Сергеевич,2020-04-06, 9
Юрий,Комаров,Антонович,2008-03-02, 27
Юрий,Комаров,Данилович,2006-07-04, 12
Юрий,Комаров,Романович,2020-07-07, 7
Юрий,Комаров,Артёмович,2013-07-12, 15
Юрий,Комаров,Елисеевич,2011-12-27, 16
Юрий,Комаров,Тимофеевич,2016-03-17, 7
Юрий,Комаров,Владиславович,2018-02-27, 22
Юрий,Комаров,Тимофеевич,2009-04-17, 22
Юрий,Комаров,Маркович,2020-05-22, 6
Юрий,Комаров,Глебович,2015-06-28, 12
Юрий,Комаров,Петрович,2016-07-26, 4
Юрий,Комаров,Дмитриевич,2003-04-21, 32
Юрий,Комаров,Артемьевич,2003-12-26, 7
Юрий,Комаров,Даниилович,2019-03-18, 14
Юрий,Комаров,Антонович,2015-10-22, 31
Юрий,Комаров,Андреевич,2018-02-16, 30
Юрий,Комаров,Маркович,2005-01-27, 6
Юрий,Комаров,Кириллович,2012-10-09, 5
Юрий,Комаров,Владимирович,2001-02-11, 5
Юрий,Комаров,Евгеньевич,2013-12-25, 25
Юрий,Комаров,Семёнович,2017-09-06, 4
Юрий,Комаров,Андреевич,2015-01-14, 17
Юрий,Комаров,Иванович,2019-08-18, 34
Юрий,Комаров,Михайлович,2014-01-10, 22
Юрий,Комаров,Денисович,2014-04-20, 3
Юрий,Комаров,Макарович,2013-02-10, 33
Юрий,Комаров,Маркович,2001-09-08, 4
Юрий,Комаров,Артёмович,2007-01-15, 15
Юрий,Комаров,Михайлович,2017-10-11, 2
Юрий,Комаров,Львович,2007-07-07, 21
Юрий,Комаров,Львович,2019-09-15, 3
Юрий,Комаров,Дмитриевич,2013-02-27, 6
Юрий,Комаров,Иванович,2016-04-11, 15
Юрий,Комаров,Максимович,2006-10-29, 28
Юрий,Комаров,Егорович,2009-03-01, 22
Юрий,Комаров,Романович,2005-01-07, 30
Юрий,Комаров,Александрович,2019-04-28, 27
Юрий,Комаров,Артёмович,2007-10-30, 17
Юрий,Комаров,Леонидович,2005-11-15, 15
Юрий,Комаров,Иванович,2012-05-31, 34
Юрий,Блинов,Фёдорович,2004-03-28, 15
Юрий,Блинов,Маркович,2008-04-22, 14
Юрий,Блинов,Тимофеевич,2020-04-04, 21
Юрий,Блинов,Юрьевич,2011-05-21, 27
Юрий,Блинов,Андреевич,2007-03-06, 6
Юрий,Блинов,Михайлович,2005-02-04, 34
Юрий,Блинов,Давидович,2015-11-03, 15
Юрий,Блинов,Васильевич,2011-07-12, 6
Юрий,Блинов,Гордеевич,2009-06-10, 17
Юрий,Блинов,Робертович,2019-07-06, 6
Юрий,Блинов,Макарович,2005-05-07, 29
Юрий,Блинов,Ильич,2002-06-25, 32
Юрий,Блинов,Александрович,2018-10-12, 18
Юрий,Блинов,Макарович,2014-02-28, 6
Юрий,Блинов,Максимович,2004-08-14, 21
Юрий,Блинов,Святославович,2001-01-18, 25
Юрий,Блинов,Дмитриевич,2009-05-13, 21
Юрий,Блинов,Владиславович,2009-10-15, 16
Юрий,Блинов,Егорович,2007-09-20, 9
Юрий,Блинов,Ибрагимович,2015-06-22, 15
Юрий,Блинов,Максимович,2018-06-20, 33
Юрий,Блинов,Даниилович,2002-03-06, 3
Юрий,Блинов,Савельевич,2017-01-06, 33
Юрий,Блинов,Евгеньевич,2016-12-07, 14
Юрий,Блинов,Артёмович,2011-05-16, 18
Юрий,Блинов,Дмитриевич,2009-02-26, 16
Юрий,Блинов,Викторович,2015-05-17, 19
Юрий,Блинов,Андреевич,2014-02-03, 23
Юрий,Блинов,Романович,2007-07-12, 33
Юрий,Блинов,Матвеевич,2011-11-10, 22
Юрий,Блинов,Ильич,2005-11-30, 7
Юрий,Блинов,Ибрагимович,2008-12-28, 29
Юрий,Блинов,Максимович,2018-01-22, 19
Юрий,Блинов,Романович,2007-07-27, 14
Юрий,Блинов,Кириллович,2013-01-05, 20
Юрий,Блинов,Андреевич,2014-01-29, 27
Юрий,Блинов,Никитич,2020-03-31, 24
Юрий,Блинов,Викторович,2002-10-25, 2
Юрий,Блинов,Маркович,2009-01-15, 3
Юрий,Блинов,Иванович,2006-06-22, 15
Юрий,Блинов,Максимович,2019-04-22, 4
Юрий,Блинов,Петрович,2014-09-18, 10
Юрий,Блинов,Андреевич,2012-05-25, 31
Юрий,Блинов,Ярославович,2007-03-31, 14
Юрий,Блинов,Артёмович,2016-03-26, 22
Юрий,Блинов,Артёмович,2006-02-14, 25
Юрий,Блинов,Кириллович,2010-03-29, 20
Юрий,Блинов,Ярославович,2003-06-18, 15
Юрий,Блинов,Иванович,2008-01-08, 3
Юрий,Блинов,Романович,2001-05-27, 12
Юрий,Блинов,Владимирович,2012-06-24, 13
Юрий,Блинов,Дмитриевич,2005-01-25, 21
Юрий,Блинов,Петрович,2010-02-20, 3
Юрий,Блинов,Павлович,2020-05-16, 25
Юрий,Блинов,Александрович,2016-01-27, 14
Юрий,Блинов,Арсентьевич,2006-11-26, 28
Юрий,Блинов,Филиппович,2010-08-17, 24
Юрий,Блинов,Иванович,2008-12-25, 34
Юрий,Блинов,Кириллович,2012-06-28, 19
Юрий,Блинов,Родионович,2013-01-04, 22
Юрий,Блинов,Ярославович,2012-10-30, 23
Юрий,Блинов,Маркович,2001-06-04, 12
Юрий,Блинов,Георгиевич,2018-05-16, 25
Юрий,Блинов,Адамович,2004-03-26, 25
Юрий,Блинов,Мирославович,2008-11-27, 30
Юрий,Блинов,Юрьевич,2020-11-14, 17
Юрий,Блинов,Леонидович,2016-12-26, 12
Юрий,Блинов,Эмирович,2015-03-04, 16
Юрий,Блинов,Владимирович,2008-12-24, 24
Юрий,Блинов,Давидович,2010-09-08, 9
Юрий,Блинов,Тимурович,2018-09-30, 23
Юрий,Блинов,Тимофеевич,2010-03-29, 20
Юрий,Блинов,Львович,2018-11-29, 9
Юрий,Блинов,Денисович,2018-11-26, 31
Юрий,Блинов,Ильич,2010-03-04, 16
Юрий,Блинов,Иванович,2009-04-01, 24
Юрий,Блинов,Григорьевич,2009-12-25, 8
Юрий,Блинов,Артёмович,2013-05-31, 17
Юрий,Блинов,Ильич,2009-11-29, 8
Юрий,Блинов,Тигранович,2009-10-23, 32
Юрий,Блинов,Романович,2016-04-30, 13
Юрий,Блинов,Вячеславович,2015-04-23, 7
Юрий,Блинов,Вячеславович,2015-04-19, 11
Юрий,Блинов,Святославович,2010-06-27, 12
Юрий,Блинов,Евгеньевич,2003-06-09, 18
Юрий,Блинов,Тимофеевич,2002-04-13, 8
Юрий,Блинов,Степанович,2004-11-25, 13
Юрий,Блинов,Максимович,2017-12-17, 6
Юрий,Блинов,Сергеевич,2013-02-07, 29
Юрий,Блинов,Михайлович,2003-02-15, 25
Юрий,Блинов,Константинович,2006-04-23, 25
Юрий,Блинов,Владимирович,2014-09-19, 31
Юрий,Блинов,Григорьевич,2006-06-21, 22
Юрий,Блинов,Александрович,2011-01-24, 17
Юрий,Блинов,Денисович,2011-10-10, 27
Юрий,Блинов,Иванович,2002-05-11, 23
Юрий,Блинов,Ильич,2001-06-07, 4
Юрий,Блинов,Матвеевич,2008-11-01, 34
Юрий,Блинов,Сергеевич,2019-04-13, 33
Юрий,Блинов,Никитич,2009-11-01, 9
Юрий,Блинов,Артёмович,2001-06-10, 21
Юрий,Блинов,Артёмович,2012-10-23, 13
Юрий,Блинов,Глебович,2011-05-14, 18
Юрий,Блинов,Ярославович,2019-02-01, 2
Юрий,Блинов,Владиславович,2018-05-16, 16
Юрий,Блинов,Миронович,2018-08-29, 28
Юрий,Блинов,Иванович,2003-06-19, 20
Юрий,Блинов,Сергеевич,2013-05-29, 7
Юрий,Блинов,Алиевич,2007-08-29, 16
Юрий,Блинов,Максимович,2014-07-13, 33
Юрий,Блинов,Андреевич,2012-01-16, 14
Юрий,Блинов,Дмитриевич,2002-01-17, 16
Юрий,Блинов,Николаевич,2014-05-24, 20
Юрий,Блинов,Тихонович,2013-02-10, 29
Юрий,Блинов,Денисович,2004-05-06, 7
Юрий,Блинов,Григорьевич,2016-03-25, 23
Юрий,Блинов,Васильевич,2014-03-04, 10
Юрий,Блинов,Макарович,2012-02-08, 9
Юрий,Блинов,Ярославович,2002-02-06, 30
Юрий,Блинов,Вячеславович,2017-07-11, 24
Юрий,Блинов,Фёдорович,2011-02-13, 15
Юрий,Блинов,Михайлович,2017-05-20, 12
Юрий,Блинов,Платонович,2011-04-25, 19
Юрий,Блинов,Александрович,2006-06-24, 22
Юрий,Блинов,Иванович,2005-06-21, 24
Юрий,Блинов,Данилович,2010-04-27, 13
Юрий,Блинов,Кириллович,2009-10-29, 6
Юрий,Блинов,Даниэльевич,2003-08-23, 31
Юрий,Блинов,Миронович,2020-01-04, 23
Юрий,Блинов,Антонович,2016-12-31, 16
Юрий,Блинов,Кириллович,2005-04-02, 18
Юрий,Блинов,Никитич,2002-04-03, 5
Юрий,Блинов,Александрович,2016-09-25, 25
Юрий,Блинов,Арсентьевич,2008-04-02, 28
Юрий,Блинов,Владиславович,2003-01-11, 25
Юрий,Блинов,Елисеевич,2006-03-28, 20
Юрий,Блинов,Иванович,2015-12-18, 24
Юрий,Блинов,Михайлович,2015-06-25, 4
Юрий,Блинов,Максимович,2008-11-21, 10
Юрий,Блинов,Маркович,2003-10-19, 30
Юрий,Блинов,Владимирович,2020-09-18, 22
Юрий,Блинов,Львович,2019-08-21, 10
Юрий,Блинов,Павлович,2008-03-29, 5
Юрий,Блинов,Александрович,2020-11-20, 9
Юрий,Блинов,Глебович,2006-05-14, 8
Юрий,Блинов,Владимирович,2001-10-03, 19
Юрий,Блинов,Александрович,2001-04-16, 9
Юрий,Блинов,Сергеевич,2019-05-09, 30
Юрий,Блинов,Тимофеевич,2007-02-03, 28
Юрий,Блинов,Константинович,2001-11-27, 19
Юрий,Блинов,Михайлович,2016-11-23, 26
Юрий,Блинов,Дмитриевич,2005-12-11, 2
Юрий,Блинов,Дмитриевич,2006-08-26, 4
Юрий,Блинов,Максимович,2003-06-20, 3
Юрий,Блинов,Алексеевич,2003-05-28, 20
Юрий,Блинов,Александрович,2014-06-02, 29
Юрий,Блинов,Миронович,2005-07-29, 3
Юрий,Блинов,Тимофеевич,2007-10-30, 29
Юрий,Блинов,Ярославович,2019-05-31, 28
Юрий,Блинов,Сергеевич,2016-07-17, 9
Юрий,Блинов,Антонович,2013-09-01, 26
Юрий,Блинов,Данилович,2003-12-12, 13
Юрий,Блинов,Романович,2003-04-01, 10
Юрий,Блинов,Артёмович,2005-01-03, 29
Юрий,Блинов,Елисеевич,2004-12-03, 21
Юрий,Блинов,Тимофеевич,2010-08-27, 4
Юрий,Блинов,Владиславович,2001-01-11, 18
Юрий,Блинов,Тимофеевич,2009-02-12, 5
Юрий,Блинов,Маркович,2013-12-10, 16
Юрий,Блинов,Глебович,2009-09-05, 19
Юрий,Блинов,Петрович,2004-06-13, 9
Юрий,Блинов,Дмитриевич,2001-01-09, 14
Юрий,Блинов,Артемьевич,2010-04-06, 14
Юрий,Блинов,Даниилович,2019-08-23, 28
Юрий,Блинов,Антонович,2005-09-15, 28
Юрий,Блинов,Андреевич,2004-01-21, 15
Юрий,Блинов,Маркович,2001-09-30, 8
Юрий,Блинов,Кириллович,2015-11-13, 13
Юрий,Блинов,Владимирович,2008-02-14, 12
Юрий,Блинов,Евгеньевич,2020-10-05, 33
Юрий,Блинов,Семёнович,2006-12-21, 31
Юрий,Блинов,Андреевич,2010-06-01, 12
Юрий,Блинов,Иванович,2002-12-15, 23
Юрий,Блинов,Михайлович,2020-10-01, 21
Юрий,Блинов,Денисович,2012-02-23, 16
Юрий,Блинов,Макарович,2018-09-15, 4
Юрий,Блинов,Маркович,2017-02-09, 27
Юрий,Блинов,Артёмович,2003-06-02, 27
Юрий,Блинов,Михайлович,2013-02-02, 7
Юрий,Блинов,Львович,2011-02-02, 23
Юрий,Блинов,Львович,2010-06-12, 31
Юрий,Блинов,Дмитриевич,2012-04-14, 33
Юрий,Блинов,Иванович,2016-02-13, 17
Юрий,Блинов,Максимович,2001-03-08, 23
Юрий,Блинов,Егорович,2017-08-01, 21
Юрий,Блинов,Романович,2003-08-22, 31
Юрий,Блинов,Александрович,2003-06-27, 4
Юрий,Блинов,Артёмович,2004-11-09, 15
Юрий,Блинов,Леонидович,2013-03-14, 6
Юрий,Блинов,Иванович,2019-10-15, 15